INSERT INTO `Admin` (`Id`, `Prenom`, `Nom`, `Email`, `password`) VALUES
(1, 'Admin', 'Admin', 'admin@mail.uae', 'Admin');

INSERT INTO `Absence` (`Id`, `admissionNo`, `classId`, `classArmId`, `sessionTermId`, `status`, `dateTimeTaken`) VALUES
(162, 'ASDFLKJ', '1', '2', '1', '1', '2021-11-01'),
(163, 'HSKSDD', '1', '2', '1', '1', '2021-11-01'),
(164, 'JSLDKJ', '1', '2', '1', '1', '2021-11-01'),
(172, 'HSKDS9EE', '1', '4', '1', '1', '2022-11-01'),
(171, 'JKADA', '1', '4', '1', '0', '2021-11-01'),
(170, 'JSFSKDJ', '1', '4', '1', '1', '2021-11-01'),
(173, 'ASDFLKJ', '1', '2', '1', '1', '2021-11-19'),
(174, 'HSKSDD', '1', '2', '1', '1', '2021-11-19'),
(175, 'JSLDKJ', '1', '2', '1', '1', '2021-11-19'),
(176, 'JSFSKDJ', '1', '4', '1', '0', '2021-07-15'),
(177, 'JKADA', '1', '4', '1', '0', '2022-07-15'),
(178, 'HSKDS9EE', '1', '4', '1', '0', '2021-07-15'),
(179, 'ASDFLKJ', '1', '2', '1', '0', '2021-09-27'),
(180, 'HSKSDD', '1', '2', '1', '1', '2021-09-27'),
(181, 'JSLDKJ', '1', '2', '1', '1', '2021-09-27'),
(182, 'ASDFLKJ', '1', '2', '1', '0', '2021-10-06'),
(183, 'HSKSDD', '1', '2', '1', '0', '2021-10-06'),
(184, 'JSLDKJ', '1', '2', '1', '1', '2021-10-06'),
(185, 'ASDFLKJ', '1', '2', '1', '0', '2021-10-07'),
(186, 'HSKSDD', '1', '2', '1', '0', '2021-10-07'),
(187, 'JSLDKJ', '1', '2', '1', '0', '2021-10-07'),
(188, 'AMS110', '4', '6', '1', '0', '2021-10-07'),
(189, 'AMS133', '4', '6', '1', '0', '2021-10-07'),
(190, 'AMS135', '4', '6', '1', '0', '2021-10-07'),
(191, 'AMS144', '4', '6', '1', '0', '2021-10-07'),
(192, 'AMS148', '4', '6', '1', '0', '2021-10-07'),
(193, 'AMS151', '4', '6', '1', '0', '2021-10-07'),
(194, 'AMS159', '4', '6', '1', '0', '2021-10-07'),
(195, 'AMS161', '4', '6', '1', '0', '2021-10-07');

INSERT INTO `Class` (`Id`, `className`) VALUES
(1, 'GINF1'),
(3, 'GINF2'),
(4, 'GINF2');

INSERT INTO `Enseignant` (`Id`, `firstName`, `lastName`, `emailAddress`, `password`, `phoneNo`, `classId`, `classArmId`, `dateCreated`) VALUES
(1, 'alami', 'alami', 'abc@mail.com', '32250170a0dca92d53ec9624f336ca24', '09089898999', '1', '2', '2020-10-31'),
(4, 'Med', 'ghailani', 'ghlilo@gmail.com', '32250170a0dca92d53ec9624f336ca24', '09672002882', '1', '4', '2020-11-01'),
(5, 'khalid', 'kamchnoue', 'kamchnoue@mail.com', '32250170a0dca92d53ec9624f336ca24', '7014560000', '3', '5', '2021-10-07'),
(6, 'John', 'Greenwood', 'jwood@mail.com', '32250170a0dca92d53ec9624f336ca24', '0100000030', '4', '6', '2021-10-07');

INSERT INTO `Etudiant` (`Id`, `firstName`, `lastName`, `otherName`, `admissionNumber`, `password`, `classId`, `classArmId`, `dateCreated`) VALUES
(1, 'amine', 'kamoun', 'none', 'AMS005', '12345', '1', '2', '2020-10-31'),
(3, 'hakim', 'zyech', 'none', 'AMS007', '12345', '1', '2', '2020-10-31'),
(4, 'amrabat', 'belhanda', 'none', 'AMS011', '12345', '1', '2', '2020-10-31'),
(5, 'Luis', 'Ayo', 'none', 'AMS012', '12345', '1', '4', '2020-10-31'),
(6, 'Sandra', 'Salgado', 'none', 'AMS015', '12345', '1', '4', '2020-10-31'),
(7, 'Smith', 'Mack', 'Mack', 'AMS017', '12345', '1', '4', '2020-10-31'),
(8, 'Juliana', 'Debiie', 'none', 'AMS019', '12345', '3', '5', '2020-10-31'),
(9, 'Richard', 'Grimmer', 'none', 'AMS021', '12345', '3', '5', '2020-10-31'),
(10, 'Jon', 'Boller', 'none', 'AMS110', '12345', '4', '6', '2021-10-07'),
(11, 'Aida', 'Hawley', 'none', 'AMS133', '12345', '4', '6', '2021-10-07'),
(12, 'Miguel', 'Bush', 'none', 'AMS135', '12345', '4', '6', '2021-10-07'),
(13, 'Sergio', 'Hammons', 'none', 'AMS144', '12345', '4', '6', '2021-10-07'),
(14, 'Lyn', 'Rogers', 'none', 'AMS148', '12345', '4', '6', '2021-10-07'),
(15, 'James', 'Dominick', 'none', 'AMS151', '12345', '4', '6', '2021-10-07'),
(16, 'Ethel', 'Quin', 'none', 'AMS159', '12345', '4', '6', '2021-10-07'),
(17, 'Roland', 'Estrada', 'none', 'AMS161', '12345', '4', '6', '2021-10-07');

